horizon,coverage_raw_%,coverage_conformal_%,width_raw_MW,width_conformal_MW
1,83.98876404494382,95.15449438202246,3121.2724425975425,4126.037381746206
2,81.46067415730337,92.69662921348315,3403.5938062329674,4408.358745381631
3,81.74157303370787,90.4494382022472,3759.0418858402486,4763.806824988912
4,77.6685393258427,87.85112359550563,3960.5912554322117,4965.356194580875
5,75.35112359550563,86.23595505617978,3979.8804587217483,4984.645397870411
6,77.80898876404494,86.93820224719101,4210.000184021735,5214.765123170398
7,76.12359550561798,90.58988764044943,4126.729081811852,5986.124924423681
8,77.10674157303372,91.29213483146067,4263.058258709901,6122.4541013217295
9,74.50842696629213,90.73033707865169,4256.848038292639,6116.243880904468
10,74.78932584269663,90.73033707865169,4386.361571473434,6245.757414085265
11,78.01966292134831,91.3623595505618,4587.933864677975,6447.329707289805
12,78.08988764044943,91.15168539325843,4544.15004287026,6403.54588548209
13,79.00280898876404,90.09831460674157,4465.3069403324935,6190.733748948571
14,76.40449438202246,90.02808988764045,4428.190949482762,6153.61775809884
15,74.3679775280899,89.25561797752809,4498.6853580046145,6224.112166620692
16,75.70224719101124,90.30898876404494,4635.075206314033,6360.502014930109
17,77.52808988764045,90.1685393258427,4656.595288899844,6382.022097515921
18,77.03651685393258,90.37921348314607,4610.343519622292,6335.77032823837
19,78.79213483146067,90.8005617977528,4567.866838153848,6293.2936467699255
20,78.51123595505618,91.3623595505618,4527.965192890571,6253.392001506648
21,76.68539325842697,89.95786516853933,4517.2916814312675,6242.718490047347
22,77.3876404494382,91.29213483146067,4647.812663679442,6373.239472295519
23,78.93258426966293,91.99438202247191,4695.53522712068,6420.962035736757
24,77.59831460674157,91.57303370786516,4650.006508740456,6375.433317356534
25,77.80898876404494,91.78370786516854,4588.19322675982,6527.685774663619
26,76.54494382022472,92.2752808988764,4550.879386245305,6490.371934149103
27,75.42134831460675,90.09831460674157,4544.195086088411,6483.687633992209
28,76.89606741573034,91.0814606741573,4907.071739177406,6846.564287081206
29,79.14325842696628,90.87078651685393,4939.659570828319,6879.15211873212
30,78.37078651685393,91.22191011235955,4903.042647574808,6842.535195478607
31,77.87921348314607,90.94101123595506,4831.274042435285,6770.766590339084
32,77.03651685393258,91.43258426966293,4796.037733013442,6735.530280917242
33,75.91292134831461,89.25561797752809,4784.050928434712,6723.54347633851
34,76.1938202247191,90.51966292134831,4957.941389674808,6897.4339375786085
35,78.01966292134831,89.95786516853933,4984.1343653824915,6923.626913286291
36,77.87921348314607,90.73033707865169,4947.146839943904,6886.639387847704
37,78.72191011235955,89.74719101123596,4878.132254401179,6696.128004827424
38,77.87921348314607,90.37921348314607,4842.282178096095,6660.2779285223405
39,75.35112359550563,88.90449438202246,4824.430166015534,6642.42591644178
40,76.1938202247191,90.51966292134831,4988.604165720404,6806.59991614665
41,77.24719101123596,90.37921348314607,5000.074508626904,6818.07025905315
42,78.23033707865169,90.30898876404494,4959.1743429219105,6777.170093348155
43,78.23033707865169,90.23876404494382,4890.230351244706,6708.226101670952
44,78.65168539325843,90.1685393258427,4852.994712573542,6670.990462999788
45,77.52808988764045,89.60674157303372,4833.980674223707,6651.976424649953
46,77.87921348314607,90.94101123595506,4977.790052707063,6795.785803133309
47,79.21348314606742,90.66011235955057,5004.323722384284,6822.319472810529
48,78.3005617977528,90.51966292134831,4968.650283146649,6786.646033572893
