model,horizon,MAE,RMSE,MAPE_%,n
"Seasonal naive (same hour, latest day)",1,3981.582240387991,5971.014741817691,7.59083733328611,1424
Seasonal naive (same hour last week),1,2623.8364607838835,4028.9134217612736,5.00119519840695,1424
"SARIMA(1,0,1)(1,1,1)24",1,588.9130781897619,747.508310957412,1.117992360970674,1424
Prophet,1,2643.673528314351,3287.309281174831,5.212844577813204,1424
LightGBM,1,808.5707228214688,1075.5922406466677,1.5465006451692138,1424
"Seasonal naive (same hour, latest day)",2,3731.646970352001,5492.201060816534,7.181496395162398,1424
Seasonal naive (same hour last week),2,2554.8405968003863,3820.6489874927206,4.908601985013412,1424
"SARIMA(1,0,1)(1,1,1)24",2,1109.392729591566,1365.398031904734,2.128215762719199,1424
Prophet,2,2542.1204506354165,3145.9086664078227,5.067707394565879,1424
LightGBM,2,897.3982880504333,1188.9179825636902,1.7233820782416167,1424
"Seasonal naive (same hour, latest day)",3,3649.087297445576,5235.042977906196,7.070250389955748,1424
Seasonal naive (same hour last week),3,2588.76378961113,3764.209760736244,4.969320768105116,1424
"SARIMA(1,0,1)(1,1,1)24",3,1455.7770553859816,1818.0283947167036,2.894896924909474,1424
Prophet,3,2456.9144655121577,3063.7472104422154,4.843150311195557,1424
LightGBM,3,992.960940539141,1316.1531305262617,1.9039671362944095,1424
"Seasonal naive (same hour, latest day)",4,3814.2194800079005,5539.60731463742,7.401850264332049,1424
Seasonal naive (same hour last week),4,2655.568130266854,3915.8297820089374,5.0714708450373545,1424
"SARIMA(1,0,1)(1,1,1)24",4,2023.28356016497,2707.3849905390502,4.081563546274321,1424
Prophet,4,2596.3195337460897,3241.4490648016495,5.064542944079655,1424
LightGBM,4,1070.515868465567,1410.4761515348416,2.03280832740971,1424
"Seasonal naive (same hour, latest day)",5,4075.226492494733,6109.428514957457,7.829691061288334,1424
Seasonal naive (same hour last week),5,2699.8920751404494,4128.5107284439555,5.1193082940185,1424
"SARIMA(1,0,1)(1,1,1)24",5,2493.907558244055,3482.4965899611525,4.942045265366819,1424
Prophet,5,2876.239173042825,3527.9506879427126,5.599121104669904,1424
LightGBM,5,1159.370264705342,1537.9114456519687,2.1775811363132123,1424
"Seasonal naive (same hour, latest day)",6,4168.967377216468,6333.033718589197,7.929574147218988,1424
Seasonal naive (same hour last week),6,2684.576278638518,4175.890721407993,5.08811933314938,1424
"SARIMA(1,0,1)(1,1,1)24",6,2663.4030922654174,3771.1653471762247,5.167526068170868,1424
Prophet,6,2875.687604877537,3553.82903817117,5.604352357559537,1424
LightGBM,6,1169.7942855814247,1556.1708385965746,2.2129802250010644,1424
"Seasonal naive (same hour, latest day)",7,3985.7627810086024,5972.142544304894,7.601778836048785,1424
Seasonal naive (same hour last week),7,2620.2880438026687,4025.8864318647784,4.9935692529553,1424
"SARIMA(1,0,1)(1,1,1)24",7,2577.2222475582917,3565.1163869101006,4.950198421231819,1424
Prophet,7,2640.7757064478174,3282.6982843826136,5.2075563913150935,1424
LightGBM,7,1189.787682603574,1560.6424540776356,2.2700487415153465,1424
"Seasonal naive (same hour, latest day)",8,3739.401668495435,5495.528824587932,7.200318551373888,1424
Seasonal naive (same hour last week),8,2553.186065550386,3818.873329406171,4.90494803753402,1424
"SARIMA(1,0,1)(1,1,1)24",8,2506.485156235648,3359.2359752480484,4.843548119140669,1424
Prophet,8,2539.8411391460213,3142.1594886541448,5.06330384658405,1424
LightGBM,8,1203.4038662975518,1565.9987731769695,2.304486936875474,1424
"Seasonal naive (same hour, latest day)",9,3665.7161782391154,5247.979033710985,7.106930175017201,1424
Seasonal naive (same hour last week),9,2588.053412701896,3765.3923892092107,4.967372618101686,1424
"SARIMA(1,0,1)(1,1,1)24",9,2580.745089478295,3413.0824105749475,5.050114673766351,1424
Prophet,9,2457.4009532130394,3062.9911947547316,4.8441192450146255,1424
LightGBM,9,1256.040833247437,1619.0471533982418,2.4013531895425175,1424
"Seasonal naive (same hour, latest day)",10,3846.0694730951545,5582.819971325992,7.461904430627006,1424
Seasonal naive (same hour last week),10,2654.789292376229,3920.668050760069,5.068552349348381,1424
"SARIMA(1,0,1)(1,1,1)24",10,2914.649827456853,3915.122448839373,5.776745643968707,1424
Prophet,10,2598.1206175397388,3245.132143811946,5.067692500549767,1424
LightGBM,10,1234.574345527684,1590.798548147311,2.332922051587255,1424
"Seasonal naive (same hour, latest day)",11,4113.059870523174,6165.806614395618,7.8947595273574995,1424
Seasonal naive (same hour last week),11,2701.015514396067,4131.281770336627,5.1200483629305005,1424
"SARIMA(1,0,1)(1,1,1)24",11,3310.2273441319735,4536.8689302978,6.517509965968725,1424
Prophet,11,2877.7496415793025,3530.6611796756742,5.60125941546232,1424
LightGBM,11,1272.3002342556704,1661.0168660386294,2.3904187199814677,1424
"Seasonal naive (same hour, latest day)",12,4207.827331350947,6389.186222821005,7.992360543493183,1424
Seasonal naive (same hour last week),12,2686.40720165467,4177.607992058624,5.090371619368311,1424
"SARIMA(1,0,1)(1,1,1)24",12,3498.253337829498,4806.672025286444,6.807423554980045,1424
Prophet,12,2876.575981265977,3554.584160894359,5.603400031247127,1424
LightGBM,12,1246.6536714132517,1637.2026058192457,2.354434110255628,1424
"Seasonal naive (same hour, latest day)",13,4021.7383890010537,6022.1465921996,7.659029060601645,1424
Seasonal naive (same hour last week),13,2623.1640852133073,4027.5797633034144,4.997735651798068,1424
"SARIMA(1,0,1)(1,1,1)24",13,3439.316588732185,4645.306680884525,6.666632901718687,1424
Prophet,13,2641.3490055129496,3280.4285608186224,5.205783526385722,1424
LightGBM,13,1249.208888779784,1628.3544521188032,2.3755753952475223,1424
"Seasonal naive (same hour, latest day)",14,3768.774363807935,5537.82752326542,7.246722259353104,1424
Seasonal naive (same hour last week),14,2554.15397417047,3819.3130242826805,4.906571094045336,1424
"SARIMA(1,0,1)(1,1,1)24",14,3386.1082358609,4460.3739102921145,6.585336082791765,1424
Prophet,14,2537.069353156902,3136.854251782429,5.05645426553042,1424
LightGBM,14,1261.0660826461142,1629.1099077862837,2.410720970118147,1424
"Seasonal naive (same hour, latest day)",15,3691.610440221207,5284.32580084936,7.14831327244361,1424
Seasonal naive (same hour last week),15,2589.143289369733,3765.670814596227,4.969085250926795,1424
"SARIMA(1,0,1)(1,1,1)24",15,3435.3533448176577,4457.141351055219,6.705288942659425,1424
Prophet,15,2453.1551976586966,3058.728609137296,4.835675537439363,1424
LightGBM,15,1318.749448604525,1680.732436052013,2.5209437773203933,1424
"Seasonal naive (same hour, latest day)",16,3870.3915296918894,5613.428999546788,7.501328820045618,1424
Seasonal naive (same hour last week),16,2652.442499012465,3917.815797961719,5.064498606342894,1424
"SARIMA(1,0,1)(1,1,1)24",16,3675.2157402362027,4829.510930598483,7.204583639796616,1424
Prophet,16,2593.273477381316,3241.8841857009656,5.058727615400681,1424
LightGBM,16,1309.1671974801473,1671.5916641443491,2.4739285627653325,1424
"Seasonal naive (same hour, latest day)",17,4138.0333101079705,6194.453042205393,7.936337548250166,1424
Seasonal naive (same hour last week),17,2696.2664473972964,4126.536122631622,5.111608741829846,1424
"SARIMA(1,0,1)(1,1,1)24",17,3968.7219664676413,5322.1125165729245,7.740385709290623,1424
Prophet,17,2873.608755246967,3528.16164176465,5.593684877837187,1424
LightGBM,17,1337.209537785702,1729.393269452981,2.5143173869300166,1424
"Seasonal naive (same hour, latest day)",18,4233.975030174684,6417.775152811552,8.03678457363936,1424
Seasonal naive (same hour last week),18,2680.1727850684692,4168.872315624727,5.078589403184615,1424
"SARIMA(1,0,1)(1,1,1)24",18,4067.3648296742376,5514.831838948108,7.864131815650335,1424
Prophet,18,2871.8388233048695,3551.242218642296,5.594392021789553,1424
LightGBM,18,1299.5292533458132,1692.7051675464797,2.4558618242817576,1424
"Seasonal naive (same hour, latest day)",19,4048.9182647910816,6052.333439885655,7.705771880883512,1424
Seasonal naive (same hour last week),19,2616.344430082514,4019.4811752292117,4.9847802985344165,1424
"SARIMA(1,0,1)(1,1,1)24",19,3864.949376945533,5244.813429518922,7.463208256150117,1424
Prophet,19,2637.8724881132744,3277.507041329771,5.198984081772469,1424
LightGBM,19,1288.135415402831,1675.588418263418,2.452339033616248,1424
"Seasonal naive (same hour, latest day)",20,3796.2458790159762,5566.770734804447,7.294743754534895,1424
Seasonal naive (same hour last week),20,2546.7683908663976,3811.8396478339864,4.89288840583869,1424
"SARIMA(1,0,1)(1,1,1)24",20,3586.384414694017,4905.195855937698,6.943398783984031,1424
Prophet,20,2534.534659761362,3134.9961188644297,5.05181777315572,1424
LightGBM,20,1283.8131481175183,1651.8986720393987,2.4565186386328453,1424
"Seasonal naive (same hour, latest day)",21,3716.182143938729,5309.330691015425,7.1901564135290155,1424
Seasonal naive (same hour last week),21,2580.6487293714886,3759.2079876999846,4.953903911483827,1424
"SARIMA(1,0,1)(1,1,1)24",21,3448.0551115325143,4772.47718119351,6.658804247493778,1424
Prophet,21,2451.2552009507426,3057.008507027282,4.832363864917241,1424
LightGBM,21,1323.9866215308443,1675.8197529690588,2.526751574433213,1424
"Seasonal naive (same hour, latest day)",22,3892.766880925211,5633.316012013049,7.53841425761304,1424
Seasonal naive (same hour last week),22,2644.36471098139,3912.9151920840827,5.05042280036497,1424
"SARIMA(1,0,1)(1,1,1)24",22,3582.159816828954,5090.153526466294,6.903480934616928,1424
Prophet,22,2592.8565467427643,3241.566650452973,5.057726128628469,1424
LightGBM,22,1297.0870685805778,1645.4025853806236,2.450611496689261,1424
"Seasonal naive (same hour, latest day)",23,4159.547773656952,6210.087079408777,7.971852438891055,1424
Seasonal naive (same hour last week),23,2690.7807044417136,4122.040468604174,5.1019984548164095,1424
"SARIMA(1,0,1)(1,1,1)24",23,3827.5659854949017,5560.739030682166,7.314875369427421,1424
Prophet,23,2872.895134413167,3527.739238046874,5.592334305188512,1424
LightGBM,23,1326.6019922887679,1704.4220706480123,2.4926893254199687,1424
"Seasonal naive (same hour, latest day)",24,4251.615544351299,6428.326664500854,8.066884601121979,1424
Seasonal naive (same hour last week),24,2674.740703673631,4165.1691972323415,5.069032639150515,1424
"SARIMA(1,0,1)(1,1,1)24",24,3989.847529929973,5775.221764408132,7.601780275912776,1424
Prophet,24,2872.6265066414117,3550.8667952033084,5.595801309813759,1424
LightGBM,24,1296.8556431357822,1675.5713647968184,2.446653193912099,1424
"Seasonal naive (same hour, latest day)",25,6471.750229985955,8482.134754371154,12.399557279610821,1424
Seasonal naive (same hour last week),25,2610.1133331504566,4015.160971644337,4.97353793599174,1424
"SARIMA(1,0,1)(1,1,1)24",25,4064.542451240599,5685.112013507143,7.801482705528319,1424
Prophet,25,2639.6819791967123,3276.824273000399,5.202507577687565,1424
LightGBM,25,1305.904817293197,1683.657502275046,2.4807163686603224,1424
"Seasonal naive (same hour, latest day)",26,6003.242661187676,7774.610086364648,11.598628297373294,1424
Seasonal naive (same hour last week),26,2541.179858892205,3807.941909413807,4.88226561229279,1424
"SARIMA(1,0,1)(1,1,1)24",26,4164.770744675508,5568.517819791634,8.065060623289815,1424
Prophet,26,2535.628757003153,3134.657604380554,5.0542972180252645,1424
LightGBM,26,1319.0553693453176,1688.3793537223407,2.518024771432777,1424
"Seasonal naive (same hour, latest day)",27,5855.209425474016,7453.408830539097,11.409219857613634,1424
Seasonal naive (same hour last week),27,2576.650729020365,3756.21815360085,4.946056673854787,1424
"SARIMA(1,0,1)(1,1,1)24",27,4169.668294308097,5477.228130116483,8.144920283310771,1424
Prophet,27,2450.0737191895005,3056.117477851138,4.83037573693966,1424
LightGBM,27,1373.7849676333678,1743.2623479717163,2.6159010174521096,1424
"Seasonal naive (same hour, latest day)",28,6179.144913864993,7891.127991150829,12.0706440893408,1424
Seasonal naive (same hour last week),28,2640.383957601826,3910.2219761424526,5.041753696874003,1424
"SARIMA(1,0,1)(1,1,1)24",28,4591.052835898263,5915.293959939974,9.039563366068704,1424
Prophet,28,2592.1143748255017,3241.9158604703066,5.056437337864843,1424
LightGBM,28,1370.2313285946732,1746.6075986688681,2.585360576843345,1424
"Seasonal naive (same hour, latest day)",29,6665.4935584181885,8695.43078867763,12.903736366914616,1424
Seasonal naive (same hour last week),29,2686.5945552800213,4119.716520831212,5.092593349788237,1424
"SARIMA(1,0,1)(1,1,1)24",29,5026.624341236102,6466.661652937721,9.842532647824305,1424
Prophet,29,2872.3310313529073,3527.7714021743095,5.591330204701371,1424
LightGBM,29,1400.0701726986506,1815.4076692051658,2.624521130467566,1424
"Seasonal naive (same hour, latest day)",30,6813.015101716116,8989.576771611306,13.04858790548594,1424
Seasonal naive (same hour last week),30,2671.377818644663,4163.588521469474,5.0611896040594235,1424
"SARIMA(1,0,1)(1,1,1)24",30,5156.060850571916,6663.867297866437,10.00853104307836,1424
Prophet,30,2872.894198749134,3551.2236416436513,5.596375169633597,1424
LightGBM,30,1363.1492022264774,1784.0623112028145,2.5671646422192684,1424
"Seasonal naive (same hour, latest day)",31,6482.245602725597,8486.18757571542,12.42379633744295,1424
Seasonal naive (same hour last week),31,2606.3067095330052,4013.7197573990234,4.964555125912719,1424
"SARIMA(1,0,1)(1,1,1)24",31,4969.371222256877,6359.951283156261,9.642208832022595,1424
Prophet,31,2640.8510363178452,3277.6066530732414,5.20492327049389,1424
LightGBM,31,1363.0913856382251,1772.3415406706065,2.5846060258211496,1424
"Seasonal naive (same hour, latest day)",32,6016.893749341643,7781.432569161231,11.62924490253381,1424
Seasonal naive (same hour last week),32,2538.8990030284413,3806.8241220661607,4.876823117160988,1424
"SARIMA(1,0,1)(1,1,1)24",32,4744.369263661667,5980.762114819964,9.27615750901647,1424
Prophet,32,2536.81305717239,3135.534882544974,5.056659141961322,1424
LightGBM,32,1363.6845595315206,1757.0086685530148,2.599331608495359,1424
"Seasonal naive (same hour, latest day)",33,5874.06846778441,7467.936278430356,11.448732163754341,1424
Seasonal naive (same hour last week),33,2574.808301439607,3755.245527005033,4.941455064333515,1424
"SARIMA(1,0,1)(1,1,1)24",33,4715.180091176123,5873.013978352602,9.28361361666652,1424
Prophet,33,2450.069010525196,3055.7662571482274,4.829892648427752,1424
LightGBM,33,1411.9541512840924,1800.9614687216476,2.68449423314487,1424
"Seasonal naive (same hour, latest day)",34,6212.067828300562,7927.224877444131,12.131130363975858,1424
Seasonal naive (same hour last week),34,2637.8822979942065,3909.7737647429526,5.035392454850475,1424
"SARIMA(1,0,1)(1,1,1)24",34,5008.733265233676,6262.7213807030685,9.913392907998722,1424
Prophet,34,2589.5139717496118,3238.9799800449205,5.050912770391449,1424
LightGBM,34,1396.7977230835738,1785.9496199259988,2.6303362629940623,1424
"Seasonal naive (same hour, latest day)",35,6703.756718750001,8740.429288343883,12.96813486983159,1424
Seasonal naive (same hour last week),35,2679.502134173104,4111.166093545635,5.077973928732788,1424
"SARIMA(1,0,1)(1,1,1)24",35,5394.522417551964,6813.275136625956,10.618549414424121,1424
Prophet,35,2872.177044284343,3527.849878283153,5.591093515997498,1424
LightGBM,35,1417.9281253593072,1846.1902261738965,2.6528594454356926,1424
"Seasonal naive (same hour, latest day)",36,6849.941362030372,9030.672311159555,13.108166035211571,1424
Seasonal naive (same hour last week),36,2663.1471600684695,4149.548624445115,5.045832141167266,1424
"SARIMA(1,0,1)(1,1,1)24",36,5551.042754870729,7031.487471593072,10.838621031656034,1424
Prophet,36,2873.0417989420775,3552.047645774747,5.596834648586138,1424
LightGBM,36,1379.8787741668282,1801.6601912973802,2.5948510678986416,1424
"Seasonal naive (same hour, latest day)",37,6514.736632066363,8521.19415961375,12.475898777778788,1424
Seasonal naive (same hour last week),37,2597.7959440835675,3997.9495718637913,4.9498044988321785,1424
"SARIMA(1,0,1)(1,1,1)24",37,5397.372857065887,6748.173594785147,10.538168532613366,1424
Prophet,37,2641.94535980294,3278.6697874828974,5.206950081478837,1424
LightGBM,37,1374.7480112393014,1783.685163341473,2.6047406335693446,1424
"Seasonal naive (same hour, latest day)",38,6042.599443249649,7809.1666284030525,11.671061251104144,1424
Seasonal naive (same hour last week),38,2532.224600706636,3792.858693330566,4.865632146590153,1424
"SARIMA(1,0,1)(1,1,1)24",38,5219.675841763477,6362.479051339745,10.256194056730262,1424
Prophet,38,2536.8668270936396,3136.5149190220036,5.057020424499834,1424
LightGBM,38,1377.7395043461477,1770.4099501737073,2.6218046383969478,1424
"Seasonal naive (same hour, latest day)",39,5897.929738193469,7494.80142950432,11.487359263941501,1424
Seasonal naive (same hour last week),39,2568.2011783488415,3743.2158475532333,4.930394358299419,1424
"SARIMA(1,0,1)(1,1,1)24",39,5200.653193184139,6236.153870857669,10.271693696138193,1424
Prophet,39,2449.168055301341,3056.0718527572303,4.82860350366139,1424
LightGBM,39,1424.9600041038452,1815.3226065300685,2.7086006714300304,1424
"Seasonal naive (same hour, latest day)",40,6232.306724784938,7948.179368403021,12.164208237262187,1424
Seasonal naive (same hour last week),40,2630.661533751756,3896.740296707982,5.023072441300407,1424
"SARIMA(1,0,1)(1,1,1)24",40,5457.7574420191695,6585.9633293679735,10.817592140626271,1424
Prophet,40,2588.7315769680135,3238.8676854851874,5.049437066541118,1424
LightGBM,40,1400.2713521173637,1801.8782917552826,2.6393044401724413,1424
"Seasonal naive (same hour, latest day)",41,6724.14822013255,8759.891896051879,13.00211628065044,1424
Seasonal naive (same hour last week),41,2669.5669196585327,4094.172415724229,5.060917403955418,1424
"SARIMA(1,0,1)(1,1,1)24",41,5804.043982843768,7108.70306067376,11.446796503271296,1424
Prophet,41,2871.913721938576,3527.50361915877,5.5902418041449975,1424
LightGBM,41,1423.748812758998,1859.139623894884,2.6671367344211325,1424
"Seasonal naive (same hour, latest day)",42,6871.769601584446,9050.83603626867,13.145373174959044,1424
Seasonal naive (same hour last week),42,2652.5112395760184,4129.231886263309,5.027556000737059,1424
"SARIMA(1,0,1)(1,1,1)24",42,5915.8372158446255,7297.756660121839,11.58085585855106,1424
Prophet,42,2874.4028543380095,3553.255538480715,5.598782965221905,1424
LightGBM,42,1380.5075386739531,1808.649988081153,2.5959272070642645,1424
"Seasonal naive (same hour, latest day)",43,6537.130363193469,8540.261921906713,12.515063577724353,1424
Seasonal naive (same hour last week),43,2587.312763342697,3978.44127559002,4.931638667387519,1424
"SARIMA(1,0,1)(1,1,1)24",43,5663.256460487454,6962.404058310954,11.084607226158614,1424
Prophet,43,2645.4052009388797,3281.4797400620264,5.212697167218626,1424
LightGBM,43,1373.6279966978275,1791.1715391981331,2.600011116662379,1424
"Seasonal naive (same hour, latest day)",44,6063.944668297928,7829.517866394058,11.70820448881834,1424
Seasonal naive (same hour last week),44,2521.1428705451194,3773.435860922632,4.846159011252046,1424
"SARIMA(1,0,1)(1,1,1)24",44,5294.6299256461125,6508.0138314440765,10.41092516000122,1424
Prophet,44,2540.668275142875,3139.432048739297,5.0631649853630405,1424
LightGBM,44,1368.4978879633102,1768.1974595720365,2.602939700662013,1424
"Seasonal naive (same hour, latest day)",45,5917.800314145893,7511.710769620739,11.521207300287074,1424
Seasonal naive (same hour last week),45,2558.232208018785,3726.0164923888574,4.913275306879592,1424
"SARIMA(1,0,1)(1,1,1)24",45,5150.058642267927,6345.701426639572,10.128103272289456,1424
Prophet,45,2452.462214790014,3058.1567570117304,4.833763602576612,1424
LightGBM,45,1413.612455190771,1801.6591405842798,2.684071735823518,1424
"Seasonal naive (same hour, latest day)",46,6250.4482836639745,7960.782045758914,12.194725284578501,1424
Seasonal naive (same hour last week),46,2619.9983587166435,3880.9070739743424,5.005455655887536,1424
"SARIMA(1,0,1)(1,1,1)24",46,5322.133441496109,6690.612287730334,10.425583523012317,1424
Prophet,46,2590.691527597971,3240.3916345831844,5.052631960275241,1424
LightGBM,46,1389.3830234169907,1781.4975958129496,2.615440905192205,1424
"Seasonal naive (same hour, latest day)",47,6740.461132373595,8769.127925176728,13.029508423442632,1424
Seasonal naive (same hour last week),47,2659.1855157127807,4080.370531455394,5.044034397768699,1424
"SARIMA(1,0,1)(1,1,1)24",47,5625.86029470011,7247.598961189703,10.935568249915091,1424
Prophet,47,2874.7759204584545,3529.358964418251,5.595077509502869,1424
LightGBM,47,1419.681610135558,1842.8420411096847,2.6567272271938145,1424
"Seasonal naive (same hour, latest day)",48,6884.196178787746,9056.650444153478,13.166845258021864,1424
Seasonal naive (same hour last week),48,2641.956575667135,4114.725276663979,5.009917036632433,1424
"SARIMA(1,0,1)(1,1,1)24",48,5750.802044352049,7514.861764736648,11.15652003990955,1424
Prophet,48,2877.6546733604387,3555.640337970633,5.604264197134061,1424
LightGBM,48,1368.38549665269,1787.5990653681793,2.5729862284213194,1424
